Spot,Forw,Lookback,Horizon,Exog_Col,Epochs,Batchsize,MLP,LSTM,MLP_POINT,LSTM_POINT,RW
CSZ,1MON,10,3,[],2,32,-34.87791841445929,-53.10088751482138,-53.10088751482138,-53.10088751482138,0
CSZ,1MON,10,3,[],2,32,-32.59744174073431,12.63159733021164,12.63159733021164,12.63159733021164,0
CSZ,1MON,10,3,[],2,32,-12.507596835066416,26.7109015427355,-15.818732131632096,-52.5274790854684,0
