,Actual,RW_pred,MLP_pred_[4],LSTM_pred_[4],RW_res,MLP_res_[4],LSTM_res_[4]
0,9.818256408173468,9.858176329826126,9.850211701033777,9.862940544729815,0.039919921652657564,0.031955292860308404,0.04468413655634684
1,9.82498532438117,9.858176329826126,9.848860383141949,9.866094465418083,0.033191005444955124,0.02387505876077789,0.04110914103691243
2,9.852930828918975,9.82498532438117,9.81628956418207,9.828834216900752,-0.02794550453780431,-0.036641264736905654,-0.024096612018222885
3,9.851509813443416,9.82498532438117,9.832248327608404,9.83207489026724,-0.026524489062245138,-0.019261485835011527,-0.0194349231761759
4,9.819127203918054,9.851509813443416,9.852318003136103,9.854100422044427,0.03238260952536187,0.03319079921804935,0.034973218126372885
5,9.816130661317876,9.851509813443416,9.848139830684469,9.856745901091406,0.03537915212553955,0.03200916936659226,0.040615239773529765
