Spot,Forw,Lookback,Horizon,Exog_Col,Epochs,Batchsize,Diff,Dropout,Regularizer,Earlystop,MLP,LSTM,RW
CSZ,1MON,10,1,[],1,32,True,None,0.1,10,-5.355706127161786,-1.1262970050379684,0
CSZ,1MON,10,1,[4],1,32,True,None,0.1,10,23.888745624358997,2.3128590315468767,0
CSZ,1MON,10,1,"[2, 4]",1,32,True,None,0.1,10,0.8890359405004045,0.7252331851396621,0
CSZ,1MON,10,2,[],1,32,True,None,0.1,10,1.4267567676179649,0.6044438275831565,0
CSZ,1MON,10,2,[4],1,32,True,None,0.1,10,-1.9021033901853057,-0.2022687051739025,0
CSZ,1MON,10,2,"[2, 4]",1,32,True,None,0.1,10,-0.26442822868768534,0.5957377049639723,0
CSZ,1MON,10,5,[],1,32,True,None,0.1,10,3.5732905739186305,0.736517662747993,0
CSZ,1MON,10,5,[4],1,32,True,None,0.1,10,2.342956225760162,-0.16560277238193422,0
CSZ,1MON,10,5,"[2, 4]",1,32,True,None,0.1,10,-3.252195065603969,0.8302898442779982,0
