,Actual,RW_pred,MLP_pred_[4],LSTM_pred_[4],RW_res,MLP_res_[4],LSTM_res_[4]
0,9.818256408173468,9.858176329826126,9.826878175962397,9.861908224380599,0.039919921652657564,0.008621767788929091,0.04365181620713088
1,9.82498532438117,9.818256408173468,9.806706190135847,9.823597015055764,-0.00672891620770244,-0.018279134245323903,-0.001388309325406567
2,9.852930828918975,9.82498532438117,9.825737550478383,9.828713512760539,-0.02794550453780431,-0.02719327844059194,-0.024217316158436475
