,Actual,RW_pred,MLP_pred_[],LSTM_pred_[],RW_res,MLP_res_[],LSTM_res_[]
0,9.818256408173468,9.858176329826126,9.849532,9.86327,0.039919921652657564,0.03127571920690286,0.045013397734734895
1,9.82498532438117,9.818256408173468,9.814381,9.819357,-0.00672891620770244,-0.010604678629217545,-0.005628406046209733
2,9.852930828918975,9.82498532438117,9.826277,9.830561,-0.02794550453780431,-0.026654049744170294,-0.02237014471487342
