,Actual,RW_pred,MLP_pred_[],LSTM_pred_[],RW_res,MLP_res_[],LSTM_res_[]
0,9.818256408173468,9.858176329826126,9.853525,9.860702,0.039919921652657564,0.03526875356969583,0.04244515280065286
1,9.82498532438117,9.818256408173468,9.819084,9.820866,-0.00672891620770244,-0.0059011569007019204,-0.0041196932776550454
2,9.852930828918975,9.82498532438117,9.8416395,9.828668,-0.02794550453780431,-0.011291310181182013,-0.024263188232939825
