,Actual,RW_pred,"MLP_pred_[2, 4]","LSTM_pred_[2, 4]",RW_res,"MLP_res_[2, 4]","LSTM_res_[2, 4]"
0,9.818256408173468,9.858176329826126,9.847845344843131,9.861255528272684,0.039919921652657564,0.029588936669663113,0.042999120099215915
1,9.82498532438117,9.858176329826126,9.85002455747461,9.864309651880758,0.033191005444955124,0.02503923309343925,0.03932432749958714
2,9.852930828918975,9.82498532438117,9.805967267549915,9.82695388904731,-0.02794550453780431,-0.04696356136905955,-0.02597693987166494
3,9.851509813443416,9.82498532438117,9.799315286410216,9.828039471177329,-0.026524489062245138,-0.05219452703319938,-0.02347034226608713
4,9.819127203918054,9.851509813443416,9.848165108640915,9.853354247294565,0.03238260952536187,0.02903790472286083,0.034227043376510835
5,9.816130661317876,9.851509813443416,9.864084088830323,9.854066081450691,0.03537915212553955,0.04795342751244647,0.03793542013281481
