,Actual,RW_pred,"MLP_pred_[2, 4]","LSTM_pred_[2, 4]",RW_res,"MLP_res_[2, 4]","LSTM_res_[2, 4]"
0,9.818256408173468,9.858176329826126,9.8929824797409,9.86667120467411,0.039919921652657564,0.07472607156743116,0.04841479650064251
1,9.82498532438117,9.818256408173468,9.812617018201246,9.82096002735982,-0.00672891620770244,-0.01236830617992446,-0.004025297021350127
2,9.852930828918975,9.82498532438117,9.821611438165297,9.83113231722758,-0.02794550453780431,-0.03131939075367818,-0.02179851169139546
