,Actual,RW_pred,MLP_pred_[],LSTM_pred_[],RW_res,MLP_res_[],LSTM_res_[]
0,9.818256408173468,9.858176329826126,9.848112,9.861444,0.039919921652657564,0.029855698149773957,0.04318806509313333
1,9.82498532438117,9.858176329826126,9.849911,9.862945,0.033191005444955124,0.024925411702813705,0.03795927858513792
2,9.852930828918975,9.82498532438117,9.816125,9.826987,-0.02794550453780431,-0.036805912842314825,-0.025943562378447638
3,9.851509813443416,9.82498532438117,9.808898,9.829359,-0.026524489062245138,-0.042611841336482215,-0.02215075887798612
4,9.819127203918054,9.851509813443416,9.847595,9.852399,0.03238260952536187,0.028468010925696063,0.033271668457434345
5,9.816130661317876,9.851509813443416,9.843711,9.852063,0.03537915212553955,0.027580238035151083,0.03593251769823702
