Spot,Forw,Lookback,Horizon,Exog_Col,Epochs,Batchsize,Diff,Dropout,Regularizer,Earlystop,MLP,LSTM,RW
PMX,1MON,10,10,[],1,32,False,None,None,None,-431.3623196941126,-175.83342011007736,0
PMX,1MON,10,10,[2],1,32,False,None,None,None,-350.7567851769889,-187.97538853893778,0
PMX,1MON,10,10,"[2, 4]",1,32,False,None,None,None,-290.5481233973979,-212.7826271244663,0
PMX,1MON,10,20,[],1,32,False,None,None,None,-491.8423697219355,-195.01477536443983,0
PMX,1MON,10,20,[2],1,32,False,None,None,None,-608.3925391107634,-271.5985865266655,0
PMX,1MON,10,20,"[2, 4]",1,32,False,None,None,None,-284.29236862243494,-262.60568395583584,0
