Spot,Forw,Lookback,Horizon,Exog_Col,Epochs,Batchsize,Diff,Dropout,Regularizer,Earlystop,MLP,LSTM,RW
PMX,1MON,10,10,[],1,32,False,None,None,None,-356.96176254801867,-133.45751712650693,0
PMX,1MON,10,10,[2],1,32,False,None,None,None,-162.03656731634223,-105.40531014547194,0
PMX,1MON,10,10,"[2, 4]",1,32,False,None,None,None,-319.2526029722015,-155.02482334701378,0
PMX,1MON,10,20,[],1,32,False,None,None,None,-646.9908735951786,-272.3351257434122,0
PMX,1MON,10,20,[2],1,32,False,None,None,None,-642.9053834730588,-360.36371952223885,0
PMX,1MON,10,20,"[2, 4]",1,32,False,None,None,None,-292.6999884761806,-376.9043754419029,0
