Spot,Forw,Lookback,Horizon,Exog_Col,Epochs,Batchsize,Diff,Dropout,Regularizer,Earlystop,MLP,LSTM,RW
SMX,1MON,10,10,[],100,32,False,None,None,None,-2.8039363723740385,-10.835994643100255,0
SMX,1MON,10,10,[2],100,32,False,None,None,None,-5.319435756858137,-7.365673801696215,0
SMX,1MON,10,10,"[3, 4]",100,32,False,None,None,None,-4.690497526267001,-5.45306471342768,0
SMX,1MON,10,20,[],100,32,False,None,None,None,3.659396189619457,-5.128063294979324,0
SMX,1MON,10,20,[2],100,32,False,None,None,None,-4.932267014448954,-6.04387557361481,0
SMX,1MON,10,20,"[3, 4]",100,32,False,None,None,None,-6.498422820251326,-7.24358741074429,0
