Spot,Forw,Lookback,Horizon,Exog_Col,Epochs,Batchsize,Diff,Dropout,Regularizer,Earlystop,MLP,LSTM,RW
SMX,1MON,10,10,[],100,32,False,None,None,None,8.017827888156726,12.127364739802404,0
SMX,1MON,10,10,[2],100,32,False,None,None,None,4.475517160791909,11.020878512818433,0
SMX,1MON,10,10,"[3, 4]",100,32,False,None,None,None,2.764027334636854,7.403767023534147,0
SMX,1MON,10,20,[],100,32,False,None,None,None,11.81147420008164,6.180474312271144,0
SMX,1MON,10,20,[2],100,32,False,None,None,None,5.733508937769683,2.7865130448293307,0
SMX,1MON,10,20,"[3, 4]",100,32,False,None,None,None,3.09045997919819,-4.7722933830779635,0
