Spot,Forw,Lookback,Horizon,Exog_Col,Epochs,Batchsize,Diff,Dropout,Regularizer,Earlystop,MLP,LSTM,RW
SMX,1MON,10,10,[],100,32,False,None,None,None,3.437423088172775,12.355746212609542,0
SMX,1MON,10,10,[2],100,32,False,None,None,None,4.632328081461335,7.494457833542101,0
SMX,1MON,10,10,"[3, 4]",100,32,False,None,None,None,7.05859343252061,9.955682962920399,0
SMX,1MON,10,20,[],100,32,False,None,None,None,1.7225683249821988,11.223269834632788,0
SMX,1MON,10,20,[2],100,32,False,None,None,None,6.182883613480383,10.908987429589168,0
SMX,1MON,10,20,"[3, 4]",100,32,False,None,None,None,-0.3403909376122449,-3.897528130418082,0
