Spot,Forw,Lookback,Horizon,Exog_Col,Epochs,Batchsize,Diff,Dropout,Regularizer,Earlystop,MLP,LSTM,RW
SMX,1MON,10,10,[],100,32,False,None,None,None,-7.7846104856806875,-4.42077827361782,0
SMX,1MON,10,10,[2],100,32,False,None,None,None,-5.2707796601553,-11.219901390319475,0
SMX,1MON,10,10,"[3, 4]",100,32,False,None,None,None,-6.723553118249548,-9.596187171318004,0
SMX,1MON,10,20,[],100,32,False,None,None,None,-2.9228925273982798,-4.710445012882847,0
SMX,1MON,10,20,[2],100,32,False,None,None,None,-2.742851682022729,-3.749644668775609,0
SMX,1MON,10,20,"[3, 4]",100,32,False,None,None,None,-13.032873843947467,-9.006824224950583,0
